{"f1": 0.8388189039631391, "roc-auc": 0.2587248560119363}