{"f1": 0.3283534873034555, "roc-auc": 0.5709090698496703}