{"f1": 0.09399305331587515, "roc-auc": 0.05591411289398662}