{
    "micro": {
        "f1": 0.09399305331587515,
        "roc-auc": 0.05591411289398662
    },
    "customer-1": {
        "f1": 0.3283534873034555,
        "roc-auc": 0.5709090698496703
    },
    "customer-2": {
        "f1": 0.8388189039631391,
        "roc-auc": 0.2587248560119363
    }
}